names,dates,comments,inferred_gender
Reviewer_1,2025-04-21 23:55:00,"A croissant should be nice and crispy, cut it open as soon as it comes out of the oven, and spread the new AH Terra Pistachio paste in it, optionally with or without butter and/or press it in a waffle iron!",male
Reviewer_2,2025-04-21 23:52:00,A nice warm freshly baked croissant with jam & cheese. Jam for the sweetness & the cheese for the savouryness  ,female
Reviewer_3,2025-04-21 22:56:00,"My ultimate croissant topping? A layer of lemon cream, fresh strawberries cut into heart shapes on top, and a cloud of lavender honey as a finishing touch. This is how it smells and tastes like spring on a French terrace. So delicious that you would even want to keep the crumbs!",female
Reviewer_4,2025-04-21 22:09:00,a delicious croissant with feta and rocket,male
Reviewer_5,2025-04-21 22:01:00,"A home-baked croissant is the tastiest. Before you roll up the croissant completely, it is delicious to put the ah paashagel on it. Then the chocolate sprinkles can melt nicely in the oven, and you still have the special easter bunnies (from the ah paashagel) on your croissant to make it festive.",female
Reviewer_6,2025-04-21 21:44:00,The tastiest topping for a croissant for me is with a piece of ham and cheese with a layer of butter...uhhhhh yummy,unknown
Reviewer_7,2025-04-21 21:18:00,A croissant is more than just a snack – you can really do anything with it!,female
Reviewer_8,2025-04-21 19:03:00,Nothing beats a delicious croissant with sausage! I enjoy it every time,male
Reviewer_9,2025-04-21 18:59:00,"I prefer to eat a croissant with pandan cream, easy to prepare and also tasty",female
Reviewer_10,2025-04-21 16:49:00,Preferably topped with ham and cheese and then briefly in the oven or under the sandwich maker. Very tasty.,male
Reviewer_11,2025-04-21 16:22:00,"This weekend with Easter made delicious croissants with pastry cream, fresh strawberries and fresh whipped cream, finished with powdered sugar! It was a great success!",female
Reviewer_12,2025-04-21 15:36:00,"Yesterday with the Easter brunch in a nice brasserie we got among other things Oeufs Bénédicte on a croissant with Jambon and Hollandaise sauce. That was so tasty, nice to try it yourself.....",female
Reviewer_13,2025-04-21 13:50:00,"Crossiant should always be warmed up, about 10 seconds in the microwave is enough (assuming it is on 800 w), then cut from the middle -> with pistachio cream + fresh thin pieces of strawberry is how you turn a normal bun into something five star dessert :D",unknown
Reviewer_14,2025-04-21 13:19:00,"I prefer to top my croissant with light products. For example, the hero strawberry jam zero (from the ah ofc). This way I save calories but I can still enjoy my delicious croissant. Besides working at the ah, I am often & enjoy sports. And what is nicer than being able to flop down on the XXL beanbag after sports? With my XXL nutrition shake! Greetingsss    ",female
Reviewer_15,2025-04-21 12:33:00,I top my croissant with a layer of marshmallow fluff first and a second layer of Nutella. Sweet and savory is always the perfect combination,male
Reviewer_16,2025-04-21 11:44:00,"I top my croissant with a layer of spicy hummus first, a few slices of chicken breast second layer, avocado smash third layer and some salt and pepper and finally the 4th layer: cottage cheese and some salt and pepper again. Enjoy!",unknown
Reviewer_17,2025-04-21 11:13:00,"I prefer to top a nice, greasy croissant with a nice, greasy profit share from Albert Heijn. ;)",male
Reviewer_18,2025-04-21 11:11:00,"My favorite croissant combination is with prosciutto, goat cheese, pesto, honey and pine nuts. Nice and fat just like this mega croissant. That is the best from Albert Heijn.",unknown
Reviewer_19,2025-04-21 09:42:00,"I've fortunately seen it pass by more often so I'm not the only one, but I prefer to eat it straight from the oven without anything on it, then it's the tastiest",female
Reviewer_20,2025-04-20 22:58:00,"My perfect sweet croissant? Filled with raspberry compote, a swirl of pistachio cream and topped with white chocolate flakes and powdered sugar. Like tasting a summery French pastry in one bite!”",female
Reviewer_21,2025-04-20 22:52:00,"Banana, Nutella and walnuts or pecans",female
Reviewer_22,2025-04-20 22:38:00,"Salmon with cream cheese, then I'm like a celebrity. Gives a bit of that luxury vibe... Which I am of course ;)",female
Reviewer_23,2025-04-20 21:36:00,"My sister would be super happy with this super sweet croissant for her student house. Our specialty: croissant with prosciutto, parmesan flakes, fig jam and pine nuts. The parmesan melts slightly, the prosciutto gives a salty bite and the fig jam provides a sweet-savory balance.",male
Reviewer_24,2025-04-20 21:31:00,"This weekend I proposed a fun idea for Easter breakfast to my family! I came up with the idea to top the warm croissants my mother made for us with raspberries and blackberries! I got the idea because hamsters eat that too, and I like to stock up at Albert Heijn. How convenient.",male
Reviewer_25,2025-04-20 21:16:00,"A delicious butter croissant topped with salmon and cream cheese is a delicious combination for me, at lunchtime you make me very happy with this! Then I can go for it again in the afternoon, that we have the bread department in perfect condition again. This big cuddly croissant gets a nice place with us, the kids think it's great anyway!       ",female
Reviewer_26,2025-04-20 20:52:00,"I keep it nice and simple: warm croissant, sardines in olive oil and a few drops of lemon juice. That's all you need for a next level breakfast. A real ""You have to try it to understand it"" snack",unknown
Reviewer_27,2025-04-20 20:51:00,"I like to eat my croissant with avocado, truffle mayonnaise, smoked chicken and romaine lettuce.",female
Reviewer_28,2025-04-20 19:53:00,"My favorite is a fresh croissant with ham, cheese and pineapple, preferably grilled.",female
Reviewer_29,2025-04-20 19:42:00,"for breakfast I go for a warm petit beurre croissant with cottage cheese, strawberries and melted salted caramel chocolate. if I also crave a croissant for lunch, I go for a cretzel with smoked salmon, arugula, cream cheese, sliced cucumbers and soy or teriyaki sauce on top. both extremely tasty but only when shared with others and served on a croissant shaped cutting board.",unknown
Reviewer_30,2025-04-20 19:08:00,I like to make my own croissants and I always put pieces of banana with chocolate spread in them! Really recommended!    ,male
Reviewer_31,2025-04-20 17:41:00,I usually eat it with peanut butter and chocolate sprinkles. Really recommended for anyone without money.,male
Reviewer_32,2025-04-20 17:11:00,I usually add chicken fillet and cheese (whatever we have in the fridge but preferably extra mature) with chicken spices. Then I put it on the sandwich maker,unknown
Reviewer_33,2025-04-20 16:52:00,"A lukewarm croissant with cheese, chicken fillet, egg and salt and pepper of course",male
Reviewer_34,2025-04-20 16:38:00,"I really like it when I have a warm croissant just out of the oven with a little cheese and chicken so that the cheese melts, I wait a while before eating it so that the cheese has melted properly, and to let all the stress flow away from me, it has to be warm.",female
Reviewer_35,2025-04-20 13:10:00,Jam and Nutella,male
Reviewer_36,2025-04-20 11:58:00,I like to put a little Nutella + strawberry + crystal sugar on the frozen croissini's mini croissants.,male
Reviewer_37,2025-04-19 23:29:00,"I like to spread peanut butter on my croissant, then put slices of banana on top and top it off with cinnamon. Then dip it all in the quark. This gives you a nice (and I find tasty) combination of healthy fats, proteins, fibers, vitamins and a sweet taste.",female
Reviewer_38,2025-04-19 22:31:00,"The tastiest topping on a croissant, in my opinion, is goat cheese with lavender honey and fresh blueberries. The creamy, slightly salty taste of the goat cheese combines perfectly with the floral sweetness of the honey. The blueberries provide a fresh counterpart and make the whole surprising and balanced. This combination gives the croissant a luxurious and special twist, reminiscent of the flavors of the South of France.",female
Reviewer_39,2025-04-19 21:00:00,"'Dubai chocolate spread', because it's such a trend.",male
Reviewer_40,2025-04-19 20:05:00,Pistachio cream because then it looks like I'm really following the trends,male
Reviewer_41,2025-04-19 19:07:00,salami is so tasty on it,female
Reviewer_42,2025-04-19 17:43:00,"I always dip my croissant in pumpkin soup. A strange combination perhaps, but definitely worth a try",unknown
Reviewer_43,2025-04-19 17:15:00,I don't put anything on my croissant because I want him to know that I love him just the way he is!,female
Reviewer_44,2025-04-19 17:13:00,"I top my croissant with stress, deadlines and a dash of self-pity. Tastes like studying during exam week.",female
Reviewer_45,2025-04-19 17:13:00,"Croissant with rose petal jam, white chocolate and almond shavings or croissant with brie/camembert cheese, grapes, honey and walnuts <3",female
Reviewer_46,2025-04-19 14:34:00,"The croissant with vanilla ice cream, crispy bacon and a generous drizzle of maple syrup!",male
Reviewer_47,2025-04-19 14:31:00,I like to eat my croissant with filet americano.,female
Reviewer_48,2025-04-19 14:25:00,I prefer to eat croissants with butter.,male
Reviewer_49,2025-04-19 13:25:00,"I like to eat my croissant warm with Nutella, strawberries and powdered sugar. Delicious for Easter breakfast or as a dessert!",female
Reviewer_50,2025-04-19 12:53:00,A croissant with peanut butter and crispy chili flakes!,unknown
Reviewer_51,2025-04-19 12:41:00,"A croissant from Albert Heijn is always crispy and with the most delicious pistachio filling, this flavour is brilliant for everyone.",unknown
Reviewer_52,2025-04-19 12:32:00,"I always eat my croissant with Calve peanut butter with chunks and a golden brown spreadable cheese, which I then ""dip"" it in.",female
Reviewer_53,2025-04-19 11:58:00,"An ultimate combination for a successful croissant; Roasted chicken strips, avocado and siracha mayo. For some extra spice, we'll just pop the filling in!!",unknown
Reviewer_54,2025-04-19 11:25:00,"Goat cheese, honey and pine nuts. Perfect combination.",male
Reviewer_55,2025-04-19 11:01:00,"A delicious freshly baked croissant with avocado, egg, salmon, herb cream cheese, cucumber and a little salt and pepper. DELICIOUS!",female
Reviewer_56,2025-04-19 11:01:00,With fresh strawberries on a layer of butter.,female
Reviewer_57,2025-04-19 10:49:00,"A croissant with pure strawberry jam, the two are inextricably linked for me. I do not cut the croissant lengthwise, but make a notch from above. This way the jam stays in the croissant and does not leak from all sides.",female
Reviewer_58,2025-04-19 10:41:00,"A warm, crispy croissant, generously spread with a velvety layer of mascarpone that is subtly scented with lavender — it’s like taking a bite of spring.",female
Reviewer_59,2025-04-19 10:23:00,Delicious 'just like that' with cheese,female
Reviewer_60,2025-04-19 08:05:00,"herb cream cheese, smoked salmon, cucumber and a little chives or spring onion",female
Reviewer_61,2025-04-18 22:22:00,The pistachio pasta!!,female
Reviewer_62,2025-04-18 21:45:00,"We discovered it by accident. During the maternity visit last summer we wanted to hand out rusk with mice. Then we discovered that we were 2 rusks short for the guests. We had just been to the store and got croissants for lunch. Why not, cut it in 2, a good lick of butter on it and the blue mice on top. Something we secretly still do sometimes!",male
Reviewer_63,2025-04-18 21:43:00,Hi,male
Reviewer_64,2025-04-18 21:32:00,"Best when it is still warm with jam, cheese or brie! Delicious!",female
Reviewer_65,2025-04-18 20:36:00,"On a croissant I would put some yummy guacamole, scrambled eggs with fried onions, and fried bacon specks! Best ever!",male
Reviewer_66,2025-04-18 20:33:00,I identify myself as a croissant and am looking for a partner.,unknown
Reviewer_67,2025-04-18 20:08:00,"I think they are the tastiest when they are fresh out of the oven! So still nice and warm, and then without anything in between or on top, just like that a lovely warm croissant to eat!",female
Reviewer_68,2025-04-18 18:52:00,I like it best to cut my croissant open and then put cream on it with strawberries and a little white chocolate! really delicious,female
Reviewer_69,2025-04-18 18:41:00,"I always eat my croissant like a cake, a nice cheesecake cake. I cut it open, spread cream cheese on it and then slices of strawberry! Delicious, a must!",male
Reviewer_70,2025-04-18 17:17:00,"Maybe a strange combination, but spread good green Pesto on the fresh croissant, delicious slices of mozzarella, and cheese shavings. Hmm.",female
Reviewer_71,2025-04-18 17:15:00,"My father and I used to cut open our croissants and put a fried egg in them. They were super tasty and calorie bombs, but unfortunately I don't do that very often anymore. It used to be our thing.",female
Reviewer_72,2025-04-18 17:11:00,"I am very simple. I always put cheese on my croissant, then put it under the sandwich iron. Croisti is what I call it!",male
Reviewer_73,2025-04-18 14:31:00,I always top my croissant with strawberry jam and a slice of cheese. Delicious when the croissant is fresh out of the oven,male
Reviewer_74,2025-04-18 14:26:00,"I always put chocolate sprinkles on it, goddammit that's insanely tasty, really damn a croissant with chocolate sprinkles is like an angel cumming in your mouth",male
Reviewer_75,2025-04-18 13:55:00,I love a Big Mac croissant.,unknown
Reviewer_76,2025-04-18 13:54:00,"I like to eat my croissant with butter, cheese and jam on top! sweet from the jam, salty from the cheese and then the soft crispy croissant when you bite into it delicious!",unknown
Reviewer_77,2025-04-18 13:34:00,"A tasty croissant deserves only creamy butter, it doesn't need any other toppings, because it is tasty on its own.",male
Reviewer_78,2025-04-18 13:15:00,A delicious butter croissant is the best with guava jam made by my Brazilian mother ;),female
Reviewer_79,2025-04-18 13:12:00,Chicken mango chutney and cucumber delicious!!!!,female
Reviewer_80,2025-04-18 12:35:00,A croissant with Nutella and fresh strawberries,female
Reviewer_81,2025-04-18 11:18:00,"This coming Easter I'm going to get started on a festive croissant. I'm going to fill it with a creamy lemon-mascarpone filling and mix in some of the AH Excellent Easter Egg Mix for extra crunch and a sweet touch. Then I'll finish the croissant with pastel icing and some cute sugar flowers. Add some edible gold flakes for luxury and the croissant is ready! To top it off, I'll place some small chocolate eggs around it. This will be the perfect, cheerful start to a colorful Easter!",female
Reviewer_82,2025-04-18 10:58:00,"We always make a party of croissants with the kids. We make 2 variations: They can make their own buttercream (AH baking party) and then we add a little coffee with pieces of hazelnut and white chocolate: the moccassant. The other variation is to pipe a layer of buttercream nicely, fresh or frozen raspberries on top and pieces of white chocolate over it. Hmmm!",unknown
Reviewer_83,2025-04-18 08:44:00,The tastiest is a fresh lukewarm croissant with a thick layer of butter and (fresh) strawberry jam.,female
Reviewer_84,2025-04-18 08:43:00,I prefer to eat them with Paturain,unknown
Reviewer_85,2025-04-18 08:40:00,What delicious variations I see passing by here but I prefer to eat my croissant without anything on it or with a little bit of butter! delicious because a good croissant needs nothing to be tasty :),female
Reviewer_86,2025-04-18 07:52:00,"I see a lot of reactions, but not this one. I don't really eat croissants, not even when I'm on holiday in France. But...….. Pay attention.",male
Reviewer_87,2025-04-18 07:44:00,Delicious with brie and honey. Slices of tomato and cucumber.,female
Reviewer_88,2025-04-18 06:37:00,"The tastiest topping is of course a nice pure sprinkle, but only when it is still warm, because then it melts nicely in! A chocolate roll is nothing compared to it.",unknown
Reviewer_89,2025-04-17 21:53:00,"I like to put cheese, chicken fillet and egg on it",male
Reviewer_90,2025-04-17 21:24:00,"I top my croissant with delicious herb cheese, spread thickly.",female
Reviewer_91,2025-04-17 21:13:00,"I have always been a big fan of French toast and I like to prepare my croissants like that too! Cut the croissant horizontally, dip it in a mixture of milk, egg and cinnamon and bake it briefly in a pan with butter. Then top it with mascarpone and strawberries or just a layer of sugar. The new AH Pistachio spread also goes well with it. Croissanté!",female
Reviewer_92,2025-04-17 21:09:00,Croissant wrong,male
Reviewer_93,2025-04-17 20:37:00,I love to top my croissant with nutella and fresh strawberries. Highly recommended!,female
Reviewer_94,2025-04-17 20:32:00,"Oh yummy a croissant with cottage cheese and strawberries, nice and fresh and sweet and not even that unhealthy! and if we do something yummy ""wrong"" we spread a layer of butter on it and sprinkle sugar over it!",female
Reviewer_95,2025-04-17 20:10:00,"Of course I prefer to eat a tompouce croissant or a cronaantje, but if I do top it myself, I prefer to add a layer of butter and chocolate sprinkles or delicious jam!",female
Reviewer_96,2025-04-17 19:23:00,"My ultimate croissant topping? A thick layer of whipped salted butter, followed by a swirl of passionfruit curd and as a finishing touch: crumbled caramel sea salt fudge. Soft, salty, sweet and a little sultry – just like a French spring day at its best.   ✨",male
Reviewer_97,2025-04-17 19:16:00,"We like to make a deliciously sweet croissant pastry. Prepare a bag of pastry cream with whipped cream instead of water, spray a layer of it in the croissant and then add fresh strawberries.",unknown
Reviewer_98,2025-04-17 17:09:00,Brie and honey on my croissant delicious. I take a bite and immediately start speaking French,female
Reviewer_99,2025-04-17 17:03:00,"A croissant, fresh from the oven with some Lindt chocolate. Let it melt and then enjoy",female
Reviewer_100,2025-04-17 16:52:00,"My favorite croissant is a tiramisu croissant! Cut open a luxury croissant, top with mascarpone, ladyfingers that you first dip in a mixture of coffee and caramel syrup and to finish it off sprinkle with cocoa powder.",female
Reviewer_101,2025-04-17 16:43:00,I prefer to eat it with a frikandel. Just like a frikandel roll but French style. Je mappel frinkandelcroissant,male
Reviewer_102,2025-04-17 16:27:00,"Best with smoked salmon, cream cheese and freshly cut chives (replace chives with wild garlic during the season)",male
Reviewer_103,2025-04-17 16:02:00,I have quite a few ideas to make the croissantburn even more delicious. And I really like the pretzel croissant. I would like to win this beanbag for my sweet neighbor boy Novan of 4 years. Because this boy loves croissant and cuddly toys,female
Reviewer_104,2025-04-17 15:23:00,"I enjoy my warm croissant best with a delicious layer of brie and a touch of honey. But honestly, the croissant doesn't need much, because even without topping it is already delicious!",female
Reviewer_105,2025-04-17 15:03:00,"Heat the croissant with a slice of cheese in the air fryer, then top with some cucumber slices for a deliciously fresh meal",female
Reviewer_106,2025-04-17 15:02:00,"Nothing at all, because I don't eat croissants.",male
Reviewer_107,2025-04-17 14:41:00,"Summer croissant: Fresh from the oven, thin slices of strawberry with a thin layer of vanilla custard or vanilla protein pudding. And for the real show-offs you can mix the custard with mascarpone <3",male
Reviewer_108,2025-04-17 14:22:00,"Heat it up in the oven, fill it with Brie and when it comes out of the oven, add some wild flower honey from AH, it tastes really good",male
Reviewer_109,2025-04-17 13:35:00,"I top my croissant with pesto, mozzarella and tomato and then I put it in the oven. Then I add some basil. Very tasty!!!",female
Reviewer_110,2025-04-17 13:31:00,"Butter, spread nice and thick and then white caster sugar, also nice and generous.",male
Reviewer_111,2025-04-17 13:25:00,"Fresh croissant with pastry cream and fresh strawberries, delicious!",female
Reviewer_112,2025-04-17 12:51:00,I love a croissant with brie and a little honey on top,male
Reviewer_113,2025-04-17 12:45:00,I always top my croissant with cherry jam!,female
Reviewer_114,2025-04-17 11:55:00,I prefer to top my croissants with filet american bacon mayonnaise and fried onions,male
Reviewer_115,2025-04-17 11:50:00,"My favorite, just nice and simple, topped with butter with strawberry jam and sometimes with a slice of cheese for a change. But here at home the favorite is mini-croissant with crushed mice or pure chocolate sprinkles.",female
Reviewer_116,2025-04-17 11:46:00,dark chocolate plus a little sea salt and peanuts,male
Reviewer_117,2025-04-17 11:35:00,Delicious with strawberry jam,male
Reviewer_118,2025-04-17 11:27:00,Croissant in a baguette is my go to,male
Reviewer_119,2025-04-17 11:10:00,Delicious with a slice of cheese and strawberry jam and my kids with fresh strawberries and sugar mmmmm delicious,female
Reviewer_120,2025-04-17 10:11:00,with a nice slice of cheese,female
Reviewer_121,2025-04-17 09:57:00,My daughter and I eat our croissant with butter and sugar.,female
Reviewer_122,2025-04-17 09:56:00,"On a croissant that is preferably still a little warm, top it with white chocolate spread and then some fresh raspberries.... soooo the enjoyment starts now",female
Reviewer_123,2025-04-17 09:38:00,"I prefer my croissant with Nutella, but spread it on the bottom of the croissant instead of cutting the croissant open. This keeps the shape of the croissant better.",male
Reviewer_124,2025-04-17 09:08:00,The very very best thing on a delicious lukewarm croissant is delicious AH butter with the most delicious chocolate sprinkles from AH with the Zaanse houses or the hamsters! and then eat it with the family on a lovely Sunday morning in the sun....that is.....the ultimate croissant experience :-),male
Reviewer_125,2025-04-17 07:06:00,"I prefer to have my daughter top my croissant with butter and jam, while I sit and wait lazily with my big bottom on the super croissant beanbag.",female
Reviewer_126,2025-04-16 22:38:00,"I love to top my croissant with a combination of creamy brie, fresh figs and a touch of honey. The soft texture of the brie, the sweetness of the figs and the subtle flavour of the honey create a heavenly taste experience that makes every morning special",unknown
Reviewer_127,2025-04-16 21:27:00,"Young cheese with syrup, very tasty  ",female
Reviewer_128,2025-04-16 20:41:00,Fill with homemade Swiss cream and top with fresh strawberries ;),female
Reviewer_129,2025-04-16 19:10:00,"I love a croissant with a layer of marshmallow fluff and lemon curd on top, deliciously sweet and fresh!",female
Reviewer_130,2025-04-16 18:59:00,cheese and ham,male
Reviewer_131,2025-04-16 18:21:00,Top a croissant with chili smoked cheese and a fried sunny-side-up egg with chili flakes on top.,female
Reviewer_132,2025-04-16 17:40:00,Croissant French toast with lemon curd or red fruit compote and of course a little icing sugar for the looks!,female
Reviewer_133,2025-04-16 17:27:00,"My favorite croissant topping? Lightly salted butter, thin slices of smoked salmon and a dollop of horseradish cream. Topped with some fresh dill. Fresh, creamy and a bit of luxury just what a croissant deserves :)",female
Reviewer_134,2025-04-16 17:21:00,"My ultimate croissant is topped with white chocolate spread, fresh raspberries, crackling sticks and a touch of mint. But if I want to reach my protein goal, I add peanut butter with banana and a little chia seed.",female
Reviewer_135,2025-04-16 16:31:00,"Our Croissant at home (topped Italian style), with green pesto, rocket, raw ham (prosciutto crudo), mozzarella and fresh cherry tomatoes... A delicious aperitif on the side and you'll feel like you're in La Bella Italia!",female
Reviewer_136,2025-04-16 16:30:00,"if there has to be something on it, then a slice of cheese with some chocolate sprinkles.",male
Reviewer_137,2025-04-16 16:25:00,"croissant with siu mai (shumai, Chinese dumplings)",male
Reviewer_138,2025-04-16 15:42:00,Cut it open and put paprika chips in between.,male
Reviewer_139,2025-04-16 15:37:00,"I like my croissant best with a layer of tuna salad on top. That sounds crazy but it's really true, delicious. I thought a while ago: let me try that, and it was not bad.",male
Reviewer_140,2025-04-16 15:06:00,"Do not cut it open, but spread the bottom with butter and delicious strawberry jam",female
Reviewer_141,2025-04-16 15:04:00,"A layer of mascarpone, fresh strawberries and a drizzle of honey. Simple, sweet and a bit summery   ☀️  ",female
Reviewer_142,2025-04-16 14:40:00,Topping a croissant? Are you crazy :) you eat this plain,male
Reviewer_143,2025-04-16 14:23:00,"Croissant with prosciutto, pear and balsamic cream;",male
Reviewer_144,2025-04-16 14:18:00,"Delicious with smoked salmon, lettuce and herb cream cheese.",female
Reviewer_145,2025-04-16 14:16:00,Brie with Filet Americain,male
Reviewer_146,2025-04-16 13:55:00,"Jam, Cranberry paste, Speculoos all three on top of each other mmmmmm",female
Reviewer_147,2025-04-16 13:46:00,"Crunch and cream croissant: a croissant filled with cheesecake cream, raspberry jam, then topped with chopped AH Easter eggs and speculaas crumbs",female
Reviewer_148,2025-04-16 13:44:00,"with butter, a slice of young cheese and then in the oven for a while... delicious",male
Reviewer_149,2025-04-16 13:18:00,"My ultimate croissant topping? A layer of salted butter, a swirl of lemon curd for that fresh kick, and topped with a sprinkle of grated white chocolate. Sweet, sour, creamy – every bite is a mini-vacation in the South of France. Extra special to me, because my son was born in France… my own little croissant!",unknown
Reviewer_150,2025-04-16 13:04:00,"Croissant with fried duck liver, Pata Negra, Savora mustard and fig ice cream.... once had it in a restaurant, it was fantastic!",male
Reviewer_151,2025-04-16 12:59:00,"For me, a delicious gluten-free croissant with spreadable cheese, chocolate spread with a grain of coarse sea salt or with a thick layer of butter and chocolate sprinkles with hamsters!",female
Reviewer_152,2025-04-16 12:45:00,simply delicious with chocolate spread,female
Reviewer_153,2025-04-16 12:34:00,With butter,male
Reviewer_154,2025-04-16 12:30:00,I prefer to eat my croissant with veggie fenugreek cheese and egg salad. Mmmmm,female
Reviewer_155,2025-04-16 12:23:00,Also delicious with clotted cream and homemade strawberry jam for high tea ;),female
Reviewer_156,2025-04-16 12:06:00,"I like my croissant best with homemade strawberry jam and a creamy cheese on top (like a brie). Of course, it's best fresh out of the oven!",unknown
Reviewer_157,2025-04-16 12:01:00,"So nice! Croissant delicious with lotus speculoos, banana and cinnamon.",male
Reviewer_158,2025-04-16 12:00:00,croissant with chocolate spread is delicious but do you know what is even more delicious? croissants with jam and grated cheese. DELICIOUS,female
Reviewer_159,2025-04-16 11:51:00,Croissants with jam are the best :),female
Reviewer_160,2025-04-16 11:32:00,"Freshly baked croissant, delicious straight from the hand, but also delicious with fresh strawberries or strawberry jam!",female
Reviewer_161,2025-04-16 11:22:00,Croissant Camembert. What the heck??,male
Reviewer_162,2025-04-16 10:34:00,"The most delicious croissant is eaten with half a slice of extra mature Beemster cheese, a fried egg and slices of avocado!",unknown
Reviewer_163,2025-04-16 10:31:00,My daughters always want the luxury croissants because they are nice and big and then with sprinkles and then just warm them up in the oven! They then enjoy them.....,female
Reviewer_164,2025-04-16 10:21:00,With pastry cream on top :D,male
Reviewer_165,2025-04-16 10:18:00,or nothing on it or with peanut butter and chocolate sprinkles!!,female
Reviewer_166,2025-04-16 09:44:00,The ultimate topping for a croissant is pistachio paste with ice cream cone nuts!,female
Reviewer_167,2025-04-16 09:23:00,Delicious with strawberries and whipped cream,male
Reviewer_168,2025-04-16 09:22:00,Nice warm croissant with butter and jam mmm,female
Reviewer_169,2025-04-16 09:12:00,"Hot smoked salmon, cream cheese with chives and a few capers on a crispy croissant – ultimate Easter brunch vibes!",male
Reviewer_170,2025-04-16 09:07:00,topped with strawberry jam and cheese,male
Reviewer_171,2025-04-16 09:02:00,"topped with a delicious warm Van Dobben croquette, a layer of mustard on top and enjoy!",unknown
Reviewer_172,2025-04-16 07:44:00,"despite the butter in the croissant, a generous dollop of extra and homemade strawberry jam. Heaven",female
Reviewer_173,2025-04-16 07:13:00,just a nice croissant without toppings,female
Reviewer_174,2025-04-16 04:01:00,Personal? Delicious butter croissant with Albert Heijn Strawberry extra jam,male
Reviewer_175,2025-04-15 23:32:00,I personally think a croissant with jam is really great. Especially when you take a croissant straight out of the oven and then you combine it with some delicious jam. An absolute sensation.,unknown
Reviewer_176,2025-04-15 22:34:00,"I like to eat them plain and when they are still a bit warm, yum! What I like is to make a croissant carpaccio with truffle mayo, pine nuts, balsamic vinegar, parmesan cheese flakes and rocket   ",male
Reviewer_177,2025-04-15 22:06:00,A croissant with just plain butter and real honey!,female
Reviewer_178,2025-04-15 21:44:00,"A croissant is tasty enough on its own, nothing needs to be added! But if something has to be added, a slice of Zaanlander extra mature with a little strawberry jam. If I win it, I think my 2 Bernese Mountain Dogs will use it to lean against!",female
Reviewer_179,2025-04-15 21:37:00,Delicious with strawberries!,female
Reviewer_180,2025-04-15 21:14:00,"I always top my croissant with a homemade pistachio cream with nougatine nuts, this is a super tasty combination and I really recommend it to everyone :)",female
Reviewer_181,2025-04-15 20:54:00,"A croissant with cream cheese, salmon, cucumber, lettuce and a little bit of red onion with dill dressing is really the favorite here! My bonus son loves croissants and this beanbag would be super fun in his room!",female
Reviewer_182,2025-04-15 20:25:00,"Oh oh, the choice is huge! Already enjoying a croissant with only butter... But what did I discover today? Some melted Easter eggs caramel sea salt and poured them deliciously between my croissant! You don't know what you're missing :) yum!!",female
Reviewer_183,2025-04-15 20:24:00,I'm going for a croissant with Zaanlander young mature cheese and salami from the fresh produce department and slices of beef tomato and thin slices of cucumber...,female
Reviewer_184,2025-04-15 20:21:00,"I love to top croissants with fresh fruit and dates. It’s the perfect mix of buttery, sweet and juicy.",unknown
Reviewer_185,2025-04-15 20:10:00,Oohh that's a tough one   there are so many delicious things on it from jam to brie with walnut and honey,female
Reviewer_186,2025-04-15 20:03:00,"I like to top my croissant with custard and fresh strawberries, finished with a light dusting of icing sugar.",female
Reviewer_187,2025-04-15 19:56:00,"Deliciously topped with soft goat cheese, some honey on top and pieces of walnut and some rocket.",female
Reviewer_188,2025-04-15 19:31:00,"a croissant with pieces of Milka strawberry chocolate and Milka caramel chocolate, put it in the oven for a while and enjoy, but delicious for those with a sweet tooth",female
Reviewer_189,2025-04-15 19:27:00,Multi-seed croissant with cheese and cucumber is a favorite,unknown
Reviewer_190,2025-04-15 19:12:00,"I've been in love with the German singer Dennie Christian for 40 years, you'd think what does that have to do with anything, well I'd love to eat a delicious croissant with him and I don't care what's on it!!",female
Reviewer_191,2025-04-15 19:05:00,Pieces of brie on top with walnuts and honey on top,male
Reviewer_192,2025-04-15 18:40:00,A croissant with roast beef is really     ! And jam with sugar is also delicious on it,female
Reviewer_193,2025-04-15 18:30:00,Very cliché but still Zaanlander mature cheese   . With a little butter on top of course.,female
Reviewer_194,2025-04-15 17:49:00,Croissant Caprese Deluxe,female
Reviewer_195,2025-04-15 17:42:00,Sorry but a croissant without cheese? Impossible!,male
Reviewer_196,2025-04-15 17:35:00,A croissant with butter and chocolate sprinkles           ,female
Reviewer_197,2025-04-15 17:10:00,My children will definitely be happy with this.,male
Reviewer_198,2025-04-15 16:37:00,Belgians with captio spring onion broiled onion truffle maio pitoige mai lettuce and roast beef and then more spicy maio and olives and then preffect crozant,unknown
Reviewer_199,2025-04-15 16:33:00,"A croissant with salted caramel, roasted pecans and a thin slice of brie, very tasty!",unknown
Reviewer_200,2025-04-15 16:32:00,"I like to top my croissant with matcha cream, fresh strawberries and a touch of black sesame. Very nice exotic taste/combo recommend it to everyone :)",male
Reviewer_201,2025-04-15 16:30:00,"I don't put any toppings on the croissant, but I eat it the French way. Jam (preferably apricots) on the plate and I dip the croissant in it, or I put a little bit of Jam on the croissant with the knife.",male
Reviewer_202,2025-04-15 16:17:00,"A layer of goat cheese, a dollop of lavender honey, a few caramelized purple grapes, and as a finishing touch: a little smoked sea salt.",unknown
Reviewer_203,2025-04-15 15:31:00,Fresh sausage in my home baked croissant. Delicious with a little extra spicy mustard.,male
Reviewer_204,2025-04-15 15:30:00,"I'm going for a croissant with a Surinamese touch, namely deliciously topped with my mother's cod! Add a piece of sour and my day can't get any better!",unknown
Reviewer_205,2025-04-15 15:14:00,"Personally I think mozzarella with tomatoes, basil and a bit of pesto, then in the tosti iron is great. And also Nutella in a croissant in the tosti iron and then strawberry on top!! :)",female
Reviewer_206,2025-04-15 15:08:00,Just ham cheese or the praline variant from ah but secretly I think the crompouce is the tastiest!,male
Reviewer_207,2025-04-15 15:03:00,"Well, a bit stubborn",female
Reviewer_208,2025-04-15 14:39:00,"A well-baked piece of bavette, beautifully red on the inside on the croissant. Underneath a small layer of truffle jus, topped with some rocket and parmesan cheese.",female
Reviewer_209,2025-04-15 14:34:00,"Okay, brace yourself: my favorite croissant topping is a layer of pistachio cream, topped with fresh raspberries, and then a sprinkle of lemon zest for that fresh kick. It might sound a little crazy, but trust me—it’s a finger-licking good one.       ",male
Reviewer_210,2025-04-15 14:31:00,"a layer of cream cheese, strawberry slices, a little honey and... crunchy chips! Sweet, salty, crunchy and creamy, it's like experiencing breakfast, lunch and snack in one bite. Not logical, but legendary. Just like an XXL croissant beanbag: nobody asks for it, but once you have it, you'll never want anything else!",female
Reviewer_211,2025-04-15 14:22:00,A delicious warm croissant with a slice of ham and cheese in between. To finish this off with a croissant with AH Chocopasta as dessert,male
Reviewer_212,2025-04-15 14:14:00,"A delicious croissant with slices of cheese from the deli department, fresh iceberg lettuce and a tomato from AGF and truffle mayonnaise. Enjoy!",male
Reviewer_213,2025-04-15 14:06:00,"A big croissant with 100% peanut butter with chunks. My friends think I'm crazy, but this is really the tastiest and healthiest ;) combination!",male
Reviewer_214,2025-04-15 13:58:00,There is only 1 correct answer to this. A croissant with Nutella!,female
Reviewer_215,2025-04-15 13:56:00,"A croissant with bacon, cheese, siracha mayo, sesame seeds and cucumber is something I'd love to have!",female
Reviewer_216,2025-04-15 13:51:00,croissant with Burrata tomato pesto salami Milano in the oven...wooow that's delicious,female
Reviewer_217,2025-04-15 13:45:00,hmmm Jam I love jam hmmmm,male
Reviewer_218,2025-04-15 13:37:00,A croissant with caramel paste on both insides. And then in between cut into small pieces Double Gold caramel magnum,male
Reviewer_219,2025-04-15 13:35:00,"An open-cut croissant, with a layer of Nutella spread on both sides and Kinder Bueno crunched on top.",male
Reviewer_220,2025-04-15 13:32:00,A croissant with strawberries and cream cheese is my favorite!,male
Reviewer_221,2025-04-15 13:31:00,Lots of chocolate sprinkles,female
Reviewer_222,2025-04-15 13:31:00,'Enjoy a culinary start with our artisanal croissant',female
Reviewer_223,2025-04-15 13:29:00,Filet americain with a poached egg,unknown
Reviewer_224,2025-04-15 12:56:00,"A normal croissant, with Nutella and banana slices in between. Delicious!",male
Reviewer_225,2025-04-15 12:28:00,Luxurious croissant filled with brie and strawberries.,female
Reviewer_226,2025-04-15 12:06:00,"A lovely warm Croissant with strawberry Jam on it, to eat together with my Kids, then the jam falls deliciously on your plate with nice sticky hands, yummy",female
Reviewer_227,2025-04-15 12:06:00,"Cut open the croissant while it is still warm, add salted butter and then a little brown sugar on top...enjoy",female
Reviewer_228,2025-04-15 12:03:00,Delicious with Nutella hazelnut spread and mashed strawberries   ,female
Reviewer_229,2025-04-15 11:49:00,"Just eat it straight from the fist, that's when it tastes best",male
Reviewer_230,2025-04-15 11:45:00,The delicious Betuwe strawberry jam from AH's own brand on a croissant that is just warm from the oven is the perfect start of the day for me!,male
Reviewer_231,2025-04-15 11:44:00,Double devon cream with a little lemon curd mmmmmmmmmmmmmm....,male
Reviewer_232,2025-04-15 11:34:00,Preferably a lovely warm croissant with pistachio paste on it. Maybe also a good idea to include this in the small bread assortment. It is really a great combination and also fits the pistachio trend!,female
Reviewer_233,2025-04-15 11:27:00,"A lovely warm croissant, a fresh layer of homemade pastry cream on top of a very thin layer of pistachio paste. On top of this, deliciously marinated fresh strawberries (in white caster sugar and lemon juice (fresh)). Let the marinated strawberries drain well in advance and then mmmmmmmm enjoy. PS watch your fingers!",male
Reviewer_234,2025-04-15 11:26:00,"Make a croissant waffle with fruit because yes, I prefer sweet",unknown
Reviewer_235,2025-04-15 11:23:00,"This is a nice action for us the employees, this can happen more often!",unknown
Reviewer_236,2025-04-15 11:13:00,A croissant cut open and with even more calories on it by spreading salted butter on it and then a layer of honey on top! :-D,male
Reviewer_237,2025-04-15 11:13:00,"Every Sunday at grandma and grandpa's started with the smell of freshly baked croissants in their small kitchen. My ultimate croissant topping? Just like grandma did: butter, strawberry jam and a slice of young cheese. Not special perhaps, but to me it is pure magic. Sweet, salty, warm, and full of memories. One bite and I'm sitting there at that old kitchen table again, legs too short for the ground, and crumbs everywhere.",male
Reviewer_238,2025-04-15 11:09:00,"When I really want to indulge, I like to eat my croissant with a generous layer of Nutella, fresh strawberries and raspberries, and a drizzle of white chocolate sauce on top. Topped with some roasted hazelnuts or pistachios for that delicious crunch. Pure indulgence!",female
Reviewer_239,2025-04-15 10:53:00,"I prefer to eat my croissant the old-fashioned way with jam, a truly delicious combination",female
Reviewer_240,2025-04-15 10:52:00,"All those comments here about 'what' you put on a croissant are nice, but 'where' you put it on the croissant is at least as important for the mouthfeel!",male
Reviewer_241,2025-04-15 10:47:00,The tastiest Poutine on it of course     ,male
Reviewer_242,2025-04-15 10:41:00,The tastiest croissant is simply Dutch with chocolate sprinkles. Preferably with a cup of tea or coffee. That makes it complete.,male
Reviewer_243,2025-04-15 10:18:00,"The tastiest is a croissant with strawberry jam, or a savory croissant with cheese and some Italian herbs and then briefly put in the oven.",male
Reviewer_244,2025-04-15 10:17:00,"A crossaint is the most delicious, as warm as possible, as fresh as possible, from the oven. So that it smells delicious and is deliciously crispy! A fresh crossaint does not need anything else.",female
Reviewer_245,2025-04-15 10:16:00,"I prefer to put a little jam on my croissant, nice and simple but still nice.",unknown
Reviewer_246,2025-04-15 10:09:00,On Mother's Day I make my mother (and myself) happy with warm croissants filled with homemade pastry cream and fresh strawberries!,female
Reviewer_247,2025-04-15 10:02:00,"Cut your croissant and put a layer of apple syrup on both sides, then soft goat cheese on top. Then you mash a few lotus speculaas cookies and put the crumbs on the goat cheese. Put the roof back on...mmmmmm",female
Reviewer_248,2025-04-15 09:58:00,"I sometimes make a croissant with pulled chicken. First you make the pulled chicken, preferably marinated in spicy pineapple chipotle. Then you cut the croissant open and spread it with a little creme fresch. Finally I always top it off with some slices of pineapple, pickled red onion, lime, coriander and those crumbled tortilla chips. Bon a petit!         ",unknown
Reviewer_249,2025-04-15 09:57:00,I get my croissant,male
Reviewer_250,2025-04-15 09:28:00,old fashioned with a sausage! delicious,male
Reviewer_251,2025-04-15 09:27:00,Freshly baked of course and then cream butter young cheese with strawberry jam on top,male
Reviewer_252,2025-04-15 09:24:00,"I put a British spin on my croissant and have butter, marmite and cheese",female
Reviewer_253,2025-04-15 09:23:00,"I eat it with witch cheese and 2 slices of chicken fillet on top, delicious!!",male
Reviewer_254,2025-04-15 09:19:00,What is also great is to cut the croissant roll into slices and then bake it. Then dip it in melted chocolate and fill it with a mixture of whipped cream and pastry cream,unknown
Reviewer_255,2025-04-15 09:14:00,a croissant with scrambled eggs with pieces of salmon and a little chives is the favorite recipe for Easter brunch,female
Reviewer_256,2025-04-15 09:08:00,"You are all wrong. A croissant is filled with lots of love. If it is prepared with love, it is eaten with love",unknown
Reviewer_257,2025-04-15 09:02:00,"A warm croissant with a layer of butter, delicious",female
Reviewer_258,2025-04-15 08:56:00,I like to keep it simple and eat my croissant with strawberry jam. Why make it difficult when you can have it with jam?,male
Reviewer_259,2025-04-15 08:49:00,"I like to eat my croissant with banana and cucumber with some sambal on top AH, delicious!",male
Reviewer_260,2025-04-15 08:42:00,"A healthy croissant is my favorite! But just plain or with a lick of jam, jam jam jam.",female
Reviewer_261,2025-04-15 08:38:00,croissant with herb cheese tomato cucumber salmon,male
Reviewer_262,2025-04-15 08:15:00,Deliciously natural with a good cup of coffee.. Enjoy!! :D,male
Reviewer_263,2025-04-15 08:06:00,just natural then you really taste the croissant as it should be,female
Reviewer_264,2025-04-15 08:02:00,arugula cream cheese salmon and some pepper.,female
Reviewer_265,2025-04-15 08:02:00,croissant with a soft-boiled egg and salt and pepper,male
Reviewer_266,2025-04-15 07:56:00,A delicious croissant with peanut butter and jam,male
Reviewer_267,2025-04-15 07:51:00,Just plain old fashioned: with butter and raspberry jam!,male
Reviewer_268,2025-04-15 07:44:00,smoked salmon and cream cheese,unknown
Reviewer_269,2025-04-15 07:37:00,A luxury croissant with just a simple fried egg! Delicious!,female
Reviewer_270,2025-04-15 02:34:00,BREAKING: Croissant seeks topping!,male
Reviewer_271,2025-04-14 23:35:00,"A warm croissant filled with a cloud of lavender-honey cream, topped with a swirl of salted caramel and crunchy pistachios. It feels like standing in a French field full of blooming lavender, with the sun kissing your face and Edith Piaf singing softly in the background.",male
Reviewer_272,2025-04-14 23:34:00,Salmon and a dollop of cream cheese,male
Reviewer_273,2025-04-14 23:00:00,A chroissant with a layer of strawberry jam and then a slice of cheese is the best there is. Sounds weird but is delicious.,female
Reviewer_274,2025-04-14 22:59:00,on a nice warm croissant i would put ham and cheese and then put it in the toaster.,male
Reviewer_275,2025-04-14 22:46:00,"Eating a freshly baked luxury croissant is a delight never to be forgotten. The smell and especially the taste, that is completely spot on. I eat this without anything on it, because the taste is already great.",female
Reviewer_276,2025-04-14 22:35:00,A warm croissant with strawberry jam is still the best :),female
Reviewer_277,2025-04-14 22:25:00,I love my crossaint with cumin cheese. Delicious that combination. Would recommend it to everyone :),female
Reviewer_278,2025-04-14 22:18:00,I like to top my croissant with a bit of cheese. Who doesn't love a little “brie”-lliance in their breakfast?,male
Reviewer_279,2025-04-14 21:40:00,A delicious croissant with a slice of cheese or Nutella is the tastiest,unknown
Reviewer_280,2025-04-14 21:39:00,"I prefer to put nothing on my croissant! Just nice and crispy and airy, perfect as it is.",female
Reviewer_281,2025-04-14 21:28:00,"I like to top my croissant with a thick layer of self-confidence, a slice of sunshine and a touch of happiness... but a mountain of Nutella with strawberries works just fine too",unknown
Reviewer_282,2025-04-14 20:59:00,My favorite croissant topping is something delicious!,male
Reviewer_283,2025-04-14 20:58:00,"The most delicious croissant needs no additives! Fresh from the oven, nice and soft on the inside, they are delicious!",female
Reviewer_284,2025-04-14 20:54:00,my favorite topping for a croissant is a slice of zaanlander young cheese and a slice of ham. And then we go further a few slices of cucumber and tomato and to make it really top a dollop of zaanse majo,female
Reviewer_285,2025-04-14 20:47:00,Between the contact grill with ham and cheese,female
Reviewer_286,2025-04-14 20:38:00,"Maybe a bit boring, but usually I don't put anything on it...   ",male
Reviewer_287,2025-04-14 20:31:00,"I like to top my croissant with chicken curry, a boiled egg, some pineapple pieces and iceberg lettuce. Delicious!",female
Reviewer_288,2025-04-14 20:07:00,"My croissant gets a makeover with brie, fig jam and a few toasted walnuts. I eat it as if I were sitting on a terrace in Paris, but then just on my balcony with the cat next door for company.",unknown
Reviewer_289,2025-04-14 19:49:00,"Very simple, with salted butter.",female
Reviewer_290,2025-04-14 19:34:00,"Okay, brace yourself: my favorite croissant topping is a layer of pistachio cream, topped with fresh raspberries, and then a sprinkle of lemon zest for that fresh kick. It might sound a little crazy, but trust me—it’s a finger-licking good one.       ",male
Reviewer_291,2025-04-14 19:19:00,"Fill it with pistachio cream and then it is, the best when it is warm and the cream also gets warm. Then you top it with raspberries with a little honey and icing sugar on top :)",unknown
Reviewer_292,2025-04-14 19:17:00,A delicious ah croissant in the sun for breakfast! There is only 1 thing that makes it better and that is when you sit on an ah xxl croissant beanbag!,female
Reviewer_293,2025-04-14 18:52:00,"I prefer to eat my warm croissant with fresh cream cheese, chives and salmon      yummy",female
Reviewer_294,2025-04-14 18:49:00,"I love AH croissant , if it is in front of me I would love to top it with whipped cream and raspberry jam      and with the fancy   ",female
Reviewer_295,2025-04-14 18:25:00,You have to dunk it in a delicious bottle of champagne!,male
Reviewer_296,2025-04-14 18:25:00,"a fresh warm croissant with a layer of whipped cream and caramelized strawberries on top and chocolate sauce on the lid, enjoy :)",male
Reviewer_297,2025-04-14 18:19:00,I prefer to eat my croissant with grilled sausage and spicy spreadable cheese from AH's own brand!,female
Reviewer_298,2025-04-14 18:19:00,I like to eat my croissant with delicious chocolate sprinkles and cheese and ham and peanut butter!,unknown
Reviewer_299,2025-04-14 18:16:00,"A lovely warm croissant in the morning, when you just wake up, with the sun rising, and then a good layer of Nutella on top and enjoy!",male
Reviewer_300,2025-04-14 18:08:00,"The best is a nice warm croissant with melted brie with honey, thyme and walnuts",female
Reviewer_301,2025-04-14 18:08:00,"A croissant filled with yellow cream, strawberries and some icing sugar :)",female
Reviewer_302,2025-04-14 17:40:00,"I think the tastiest thing is when the croissant just came out of the oven, cut it open and then put the sprinkles mix on it and quickly close it again so that the sprinkles melt a little bit! I'm already looking forward to it just thinking about it :)",female
Reviewer_303,2025-04-14 17:15:00,"My favorite is the AH Smoked salmon, with Verstegen chili flakes, sea salt and galbaai mascarpone.",unknown
Reviewer_304,2025-04-14 17:12:00,"Cut the croissant open, put cheese on it, put chocolate spread on it < in the shape of a : ) > put a few cherries on it, close it and enjoy",male
Reviewer_305,2025-04-14 17:11:00,"The croissant fresh from our own oven. Topped with delicious Spanish parma ham, a slice of cheese from the fresh department mature cheese 48+ and a topping of avocado on top! A little pepper and salt on top and Oooohhh enjoy blown just!",male
Reviewer_306,2025-04-14 16:47:00,"The most delicious croissant (of course, it is now the new croissant bread from the fresh produce department) with Nutella chocolate spread in combination with strawberries... MMMMmmmm a party to eat!",female
Reviewer_307,2025-04-14 16:43:00,Cheese with Jam <3,female
Reviewer_308,2025-04-14 16:38:00,"Making a croissant healthy with ham, cheese, tomato, cucumber, a lettuce leaf and an egg is also part of it   ",female
Reviewer_309,2025-04-14 16:30:00,"The tastiest croissant you can wake me up with is freshly baked from the oven, topped with brie, truffle mayonnaise and some fresh arugula. The brie melts from the heat and the arugula gives it a delicious bite. Yummiee!!",male
Reviewer_310,2025-04-14 16:29:00,my croissant is the tastiest with brie and smoked salmon,female
Reviewer_311,2025-04-14 16:18:00,Nothing on it. Just croissant. Perfection needs no topping.,female
Reviewer_312,2025-04-14 16:12:00,"Cut the croissant open, top with strawberry slices and then add matcha whipped cream and then sprinkle with grated white chocolate",female
Reviewer_313,2025-04-14 16:08:00,"I like everything on a croissant, but Jif or Skippy peanut butter or a fluffy egg does it for me in the morning!! :D",female
Reviewer_314,2025-04-14 16:00:00,With butter and strawberry jam! Childhood memory of my father when we would make croissants on Sunday for my mother!,female
Reviewer_315,2025-04-14 15:56:00,"With nothing, a croissant is best eaten on its own   ",unknown
Reviewer_316,2025-04-14 15:55:00,The answer is Marmite. What makes it even better is that Marmite is on sale this week. Enjoy your meal everyone!,male
Reviewer_317,2025-04-14 15:53:00,"Croissant sandwich with thinly sliced wagyu entrecôte from the sous-vide, butter lettuce, balsamic vinaigrette, topped with roasted pine nuts.",male
Reviewer_318,2025-04-14 15:44:00,"first spread with Nutella, and then a banana on top, any suitable topping!",male
Reviewer_319,2025-04-14 15:43:00,"The best croissant is fresh from the oven, with a little melted butter and then homemade blackberry jam...",male
Reviewer_320,2025-04-14 15:34:00,I always prefer to put some butter and jam on my croissant. That's just always sublime!,female
Reviewer_321,2025-04-14 15:30:00,A freshly baked butter croissant with a layer of Bon Maman raspberry jam in between!,unknown
Reviewer_322,2025-04-14 15:28:00,Croissant five cheeses :),male
Reviewer_323,2025-04-14 15:24:00,My personal favorite is the smash burger croissant :),male
Reviewer_324,2025-04-14 15:19:00,"A croissant baklava style! Ground pistachios, ground walnuts, cinnamon powder, melted butter + sugar, honey, lemon and orange blossom water. Spread this delicious baklava filling on the lukewarm croissant. Hmmm, super yummy!",male
Reviewer_325,2025-04-14 15:17:00,"Delicious homemade jam from the vegetable garden. Presented on a delicious croissant with delicious butter. Oh yes, the Crosaintje also baked by myself.. mmM!",male
Reviewer_326,2025-04-14 15:17:00,a piece of cake,female
Reviewer_327,2025-04-14 15:17:00,"The new AH exc cretzel croissant, delicious when still a bit warm, topped with soft goat cheese, a slice of pear and walnuts!",unknown
Reviewer_328,2025-04-14 15:14:00,What could be more wonderful than sitting in a croissant with a croissant and enjoying it?,female
Reviewer_329,2025-04-14 15:08:00,"delicious with butter, peanut butter and chocolate sprinkles!",female
Reviewer_330,2025-04-14 15:05:00,"The ultimate croissant for me is very simple and delicious, spread with pistachio paste, simple but very tasty",female
Reviewer_331,2025-04-14 15:00:00,"The most delicious croissant... Cover it well with butter, then spread it generously with pistachio cream with a hint of star anise in it. Then you won't stop and you'll probably have to do a cholesterol test, but that's besides the point :)",male
Reviewer_332,2025-04-14 14:51:00,"Don't cut it open, but pick off pieces and spread 100% peanut butter (without pieces) and then dip it in milk chocolate sprinkles. Delicious! You will get dirty fingers though ;-)",female
Reviewer_333,2025-04-14 14:44:00,"Warm butter croissant with AH Terra 100% pistachio paste, fresh strawberries and white chocolate flakes. Not really healthy but very tasty :)",female
Reviewer_334,2025-04-14 14:38:00,On Sunday morning a nice croissant with jam and a cup of coffee. I also often try the other croissants.,female
Reviewer_335,2025-04-14 14:38:00,A fresh croissant only needs a few things...a few delicious strawberries!! Always a party!,female
Reviewer_336,2025-04-14 14:37:00,"Warm butter croissant, dip it in e.g. Choco sauce of dark chocolate, various types of jam, make it as crazy as you want. It's all delicious :-)",male
Reviewer_337,2025-04-14 14:36:00,"Jam on a croissant, So soft and sweet, always makes my morning.",unknown
Reviewer_338,2025-04-14 14:28:00,A lukewarm croissant filled with a coarse frangipane of pistachios and apricot jam.,male
Reviewer_339,2025-04-14 14:17:00,"Delicious croissant with a boiled egg, slice of chicken fillet, dairy spread and a little rocket! Enjoy...",male
Reviewer_340,2025-04-14 14:16:00,Avocado with smoked salmon,female
Reviewer_341,2025-04-14 14:13:00,"A croissant with a delicious pink glaze and a pastry cream filling, my favorite for years! ; - )",female
Reviewer_342,2025-04-14 13:58:00,There's nothing better than a croissant with jam     ,male
Reviewer_343,2025-04-14 13:57:00,What is more delicious than a Croissant with young matured cheese and strawberry jam! Well nothing ;) a recommendation for everyone,male
Reviewer_344,2025-04-14 13:53:00,"With (salted) butter and dipped in coffee, like the French do!",female
Reviewer_345,2025-04-14 13:51:00,"There's nothing better than a croissant with AH white chocolate spread! Not very healthy, but very tasty  ",male
Reviewer_346,2025-04-14 13:46:00,"A croissant with well-seasoned shawarma, homemade garlic sauce and a little endive.",male
Reviewer_347,2025-04-14 13:45:00,"Just a nice freshly baked croissant, with delicious brie and some rocket on top. Warm it up a bit, so that the brie melts nicely. Garnish with a nice honey mustard sauce and some walnuts for the finishing touch",male
Reviewer_348,2025-04-14 13:44:00,"Apricot jam on a croissant is just next level delicious. That combination of sweet and a little sour with that soft, warm croissant… nothing can beat that. Always my go-to!",female
Reviewer_349,2025-04-14 13:42:00,"For dessert, some whipped cream with sprinkles on top.",unknown
Reviewer_350,2025-04-14 13:40:00,A croissant is the most delicious of its own taste. A croissant needs no topping at all. Fresh and warm from the oven is a croissant the very best!!,male
Reviewer_351,2025-04-14 13:39:00,"For dessert, croissant with hazelnut paste spread. Marshmallows on paste, 3 rounds in microwave until puffed clouds. Hmmmm.",female
Reviewer_352,2025-04-14 13:34:00,According to my daughter:,male
Reviewer_353,2025-04-14 13:27:00,Croissant Caprese. Mozzarella and tomato from the oven. Finishing touch: basil and some roasted pine nuts on top. Enjoy!,female
Reviewer_354,2025-04-14 13:17:00,"fresh Croissants yourself the warm smoked salmon from the bbq, with rocket and mustard dill dressing, some black pepper with some sea salt a little lime juice and a pine nut enjoy your meal",male
Reviewer_355,2025-04-14 13:13:00,"I always eat my croissant fresh from the oven WITHOUT toppings. Just nice, just the croissant.",male
Reviewer_356,2025-04-14 13:09:00,"A fresh croissant, then pistachio cream on top, delicious Dutch strawberries and a little bit of icing sugar: ENJOY!",female
Reviewer_357,2025-04-14 13:05:00,"A croissant with potato salad is always a big hit at our house, but at work I get strange looks because of it :(",male
Reviewer_358,2025-04-14 13:02:00,"I always top my croissant with a slice of cheese and cucumbers, really delicious!!!",male
Reviewer_359,2025-04-14 12:56:00,"I usually eat my croissant with Nutella, it's really delicious and sweet.",female
Reviewer_360,2025-04-14 12:52:00,"On a special day (Easter for example) I top my croissant with avocado, egg, bacon, brie, honey and coriander. Hmmm... I'm getting a taste for it now!",male
Reviewer_361,2025-04-14 12:50:00,"spread with pesto, rocket and Parma ham, Delicious!",female
Reviewer_362,2025-04-14 12:31:00,Delicious old Amsterdam cheese,female
Reviewer_363,2025-04-14 12:25:00,The tastiest croissant is the dough from the fridge filled with chocolate that melts in the oven.,unknown
Reviewer_364,2025-04-14 12:22:00,"JAM, strawberry jam on a croissant is the most delicious topping you can put on a croissant! and it's not super unhealthy either!",male
Reviewer_365,2025-04-14 12:12:00,With a delicious slice of golden mature cheese.,male
Reviewer_366,2025-04-14 12:10:00,a croissant and then a little cheese and then in the oven until the cheese is crispy. Then you cut it open and put a slice of ham in between. Now that's enjoyment.,male
Reviewer_367,2025-04-14 12:08:00,"a cheese soufflé and mayo, pickled onion :)",female
Reviewer_368,2025-04-14 12:04:00,Truffle mayo with carpaccio,male
Reviewer_369,2025-04-14 11:58:00,"Simply with delicious jam and a thick layer of butter. A croissant doesn't need anything more, as long as it's fresh and crispy.",female
Reviewer_370,2025-04-14 11:53:00,"my ideal croissant? Warm, crispy on the outside and soft on the inside, spread with pistachio cream, a layer of raspberry jam and a few fresh mint leaves. In every bite you taste the perfect balance between sweet, fresh and nutty. It's a little party for your taste buds!",female
Reviewer_371,2025-04-14 11:53:00,A croissant is always possible. So from a convenience perspective you also want the topping to be easy and applicable everywhere.,male
Reviewer_372,2025-04-14 11:52:00,Because every now and then it's also allowed to be extra tasty...,female
Reviewer_373,2025-04-14 11:47:00,"At Easter always delicious croissants topped with buttery soft avocado, a few spinach leaves, some crispy bacon and a fried egg with soft yolk. Super tasty.",male
Reviewer_374,2025-04-14 11:47:00,"As I once learned from a (former) service manager in our branch, a croissant is best with roast beef and Maggi sauce!",male
Reviewer_375,2025-04-14 11:34:00,"My ultimate croissant topping? Forget cheese, jam or chocolate; I'm going for the crocosant: a warm, crispy mini-croquette in a fresh croissant, with a lick of coarse mustard. The crispy outside of the croquette, the soft puff pastry and that creamy ragout on the inside... that's comfort food at its very best. Dutch snack meets French finesse; and believe me, you want to taste it!",female
Reviewer_376,2025-04-14 11:31:00,I just spread chocolate sprinkles on a croissant. DELICIOUS!!,male
Reviewer_377,2025-04-14 11:28:00,I top it in different ways.,female
Reviewer_378,2025-04-14 11:27:00,I eat my crossant first spread it with pesto then tomato slices mozzarella slices. Then a little pesto and pine nuts mmm,female
Reviewer_379,2025-04-14 11:26:00,"On a quiet Sunday morning, as the first rays of sunshine enter the house, the smell of a fresh croissant fills my nose. The outside is golden brown and crispy, but the best part is yet to come: the topping. A wafer-thin slice of cheese melts gently on the warm bread, while I place a perfectly fried egg on top. A little bit of butter for creaminess completes the picture. The taste is a combination of rich, soft and savoury, which makes every bite extra delicious. As I eat it calmly, with a cup of coffee within reach, I feel completely at ease. It is simple, but so surprisingly delicious!",male
Reviewer_380,2025-04-14 11:25:00,Just a nice slice of old Zaanlander cheese!,male
Reviewer_381,2025-04-14 11:24:00,"I spread my croissant with cream cheese, a slice of free-range chicken fillet, a little pre-cut iceberg lettuce and a slice of cucumber cut lengthwise",female
Reviewer_382,2025-04-14 11:15:00,"In my opinion, the tastiest topping on a croissant is: Boursin Garlic & Fine Herbs (wi1983), this gives a soft, creamy addition to the croissant that not only tastes good (who doesn't like cream cheese and garlic) but also makes you feel like you're on holiday.",male
Reviewer_383,2025-04-14 11:12:00,"It is best if you do not cut the croissant open but put a slice of cheese and/or ham on the bottom. You will probably enjoy it the most when all faces look at you with the questioning looks why you are topping and eating your croissant like a ""barbarian"".",male
Reviewer_384,2025-04-14 11:05:00,Topping the most delicious croissant is a moment of pure indulgence.,male
Reviewer_385,2025-04-14 11:01:00,Lemon Poppy!,female
Reviewer_386,2025-04-14 10:59:00,Under the Lavender Sky: My Ultimate Croissant Moment,male
Reviewer_387,2025-04-14 10:56:00,Colored mice!! The more the better and a thick dollop of mayonnaise,male
Reviewer_388,2025-04-14 10:55:00,"A croissant 'a la carbonara'! A delicious Albert Heijn croissant cut open, with a fried egg, pepper, parmesan sauce and crispy pieces of guanciale! Really recommended :)",unknown
Reviewer_389,2025-04-14 10:50:00,The Ultimate Croissant,male
Reviewer_390,2025-04-14 10:50:00,I prefer to eat my croissant without any toppings; the bun is already very tasty on its own!,male
Reviewer_391,2025-04-14 10:49:00,"Hollow out, add mini sausages, pour scrambled eggs over it and add topping of your choice.",unknown
Reviewer_392,2025-04-14 10:47:00,"This is how I first topped a croissant during a holiday in Crete: real butter, Nutella and strawberries...just like a pastry, delicious.",female
Reviewer_393,2025-04-14 10:42:00,The best way to eat a croissant is a fresh croissant with a slice of cheese and a little jam. Preferably strawberry jam         ,female
Reviewer_394,2025-04-14 10:39:00,With chocolate and butter,male
Reviewer_395,2025-04-14 10:39:00,On special occasions I enjoy two types of croissants:,unknown
Reviewer_396,2025-04-14 10:34:00,"Sambal, cheese and avocado. A deliciously soft combination with a spicy effect.",male
Reviewer_397,2025-04-14 10:33:00,Just a little bit of strawberry jam. The croissants are delicious on their own!,unknown
Reviewer_398,2025-04-14 10:25:00,"a slice of avocado and a soft-boiled egg, some salt and pepper on top and enjoy!!",female
Reviewer_399,2025-04-14 10:24:00,Delicious croissant with peanut butter and sprinkles! Then it tastes like Easter to me!,male
Reviewer_400,2025-04-14 10:21:00,"Very simple, with butter and strawberry jam. Every weekend delicious!!",unknown
Reviewer_401,2025-04-14 10:16:00,I always eat my freshly baked croissants with white chocolate spread and disco sprinkles. That way it's a party every time I eat a croissant!,unknown
Reviewer_402,2025-04-14 10:14:00,"My ULTIMATE topping on the croissant is, ***sitenote*** when I get the chance to top my own croissants with 3 small children who are crazy about croissants, I usually start spreading and I already leave half on the left, and a bite on the right. But if the moment comes, I prefer to spread it with butter and then that delicious jam on the inside, preferably still as hot as possible, really soooo delicious!",female
Reviewer_403,2025-04-14 10:13:00,"The best thing on a croissant is jam, preferably strawberry jam. And it is even better if the croissant is nice and fresh.",female
Reviewer_404,2025-04-14 10:07:00,"With cottage cheese, cheese and a bit of chives. If you want to go all out, add apple syrup on top.",female
Reviewer_405,2025-04-14 10:04:00,The tastiest corisant is one dipped in excellent raspberry jam.,male
Reviewer_406,2025-04-14 10:01:00,"Call me a chocoholic, but every now and then I top my croissant with Nutella and chocolate sprinkles.",male
Reviewer_407,2025-04-14 10:01:00,"Croissant with pesto and cheese!! Delicious combination, or roasted chicken fillet/ham and young cheese!!",male
Reviewer_408,2025-04-14 09:59:00,"In Belgium we do this a little differently   . The soft, airy croissant with a crispy outside is usually topped with something sweet. And then preferably with the well-known creamy hazelnut spread with chocolate flavour. The one and only Nutella.",female
Reviewer_409,2025-04-14 09:58:00,Or I also really like vanilla pudding with strawberries!,female
Reviewer_410,2025-04-14 09:57:00,I think the tastiest topping on a croissant is speculoos with white XXL sprinkles (preferably in the oven for a while)     ,female
Reviewer_411,2025-04-14 09:57:00,I prefer,male
Reviewer_412,2025-04-14 09:54:00,The tastiest is a croissant topped with butter and aged cheese,female
Reviewer_413,2025-04-14 09:46:00,"I usually eat it sweet and simple, but if I fancy a slightly more savoury croissant: Melted camembert, caramelised onion and a few dots of apple syrup.",male
Reviewer_414,2025-04-14 09:45:00,I top my croissant with delicious salmon and herb cheese,male
Reviewer_415,2025-04-14 09:43:00,Delicious with fresh Dutch strawberries!! These are usually available around Easter.,female
Reviewer_416,2025-04-14 09:38:00,"I always make a fancy croissant with poached egg, avocado and prawns :)",male
Reviewer_417,2025-04-14 09:36:00,The tastiest croissant is made with love by my children and what goes on it is of secondary importance,male
Reviewer_418,2025-04-14 09:35:00,"I prefer to eat my croissant with just a slice of cheese, with strawberry jam, or with strawberries!    Croissants are too good anyway! Every Saturday for breakfast while doing odd jobs. And then even without toppings..   ",unknown
Reviewer_419,2025-04-14 09:31:00,"I always eat my croissant with cheese and jam, it doesn't matter what kind of jam, I love it because of the sweet and salty combination. :D",unknown
Reviewer_420,2025-04-14 09:29:00,"The tastiest topping on a croissant, of course on a home-baked croissant so that we also have the delicious smell in the house.",male
Reviewer_421,2025-04-14 09:26:00,"The ultimate croissant for me is a fresh warm croissant with pastry cream, fresh strawberries on top and a touch of powdered sugar over the croissant. A festive day can't start better.",female
Reviewer_422,2025-04-14 09:15:00,dubai croissant :P,male
Reviewer_423,2025-04-14 09:11:00,I prefer to eat the croissants from Albert Heijn without anything on them. Baked at home they are the most delicious because then they are not only crunchy and warm but you also get the smell as a gift.,female
Reviewer_424,2025-04-14 09:11:00,"delicious with raw ham, slice of mature cheese and half a soft-boiled egg and a little truffle mayonnaise",female
Reviewer_425,2025-04-14 09:11:00,"I like to put a nice boiled egg on my croissant, you could also make a kind of healthy croissant out of it XD",unknown
Reviewer_426,2025-04-14 09:02:00,I like to top my croissant with herb cream cheese and smoked salmon!,male
Reviewer_427,2025-04-14 09:00:00,I simply top a croissant with young matured cheese!,female
Reviewer_428,2025-04-14 08:59:00,A croissant with strawberries and a little sugar...,female
Reviewer_429,2025-04-14 08:56:00,"Delicious with the Terra smashed avocado, a slice of young matured AH organic cheese and a boiled egg. Nothing more to do!",female
Reviewer_430,2025-04-14 08:53:00,My daughter prefers her croissant with 2 colours of flakes and on a still warm croissant so that the flakes melt nicely.,unknown
Reviewer_431,2025-04-14 08:51:00,egg and bacon,male
Reviewer_432,2025-04-14 08:50:00,I prefer to top my croissant with chili cheese,male
Reviewer_433,2025-04-14 08:46:00,"I top my croissants in 2 ways, either with a nice layer of crab salad with rocket and cucumber, or with cheese, cucumber, tomato, egg and lettuce. With a glass of freshly squeezed orange juice as extras.",female
Reviewer_434,2025-04-14 08:44:00,I like to eat it with butter and then with strawberry jam and a little granulated sugar on top and a cup of tea,female
Reviewer_435,2025-04-14 08:38:00,"Delicious with homemade egg salad! AH eggs, Zaanse mayo and Badia all season herbs. Wake me up!",female
Reviewer_436,2025-04-14 08:37:00,"I top my croissant with cheese, cucumber and an egg",female
Reviewer_437,2025-04-14 08:35:00,"Butter croissant, still a bit lukewarm. Delicious with a bit of jam. Cup of coffee, close your eyes and pretend you're in France.",male
Reviewer_438,2025-04-14 08:34:00,I used to always eat croissants with butter and apricot jam when we had picnics in front of my grandma's house :-),male
Reviewer_439,2025-04-14 08:34:00,ham & cheese.,male
Reviewer_440,2025-04-14 08:34:00,I almost never eat croissants only during the holidays.,male
Reviewer_441,2025-04-14 08:33:00,"My ultimate croissant topping? A layer of salted butter, a generous dollop of lemon curd and a few fresh raspberries on top. Sweet, sour, creamy and fresh in one bite. Just like spring itself on your sandwich! When I close my eyes, I can already hear the birds whistling.",male
Reviewer_442,2025-04-14 08:31:00,"I have celiac disease and eat delicious gluten-free croissants, delicious with a boiled egg, ham and cheese, without butter, and that is a wonderful moment of enjoyment, every Sunday!",female
Reviewer_443,2025-04-14 08:31:00,"what i put on my croissant is: lettuce, ham, cheese, egg and then some dill sauce over it...yummy",female
Reviewer_444,2025-04-14 08:31:00,"I prefer to make my croissants with cherries or apricots and with a slice of old cheese, really delicious    or just with a slice of salami   ",female
Reviewer_445,2025-04-14 08:24:00,"I often put cheese on it, put it under the toaster for 2 minutes and it's delicious!",male
Reviewer_446,2025-04-14 08:24:00,"For when you can't decide between a French or English breakfast... Cut the croissant open and fill it with Scrambled egg and a slice of well-fried bacon! Not healthy, but very tasty!",male
Reviewer_447,2025-04-14 08:24:00,"Hearty, with homemade green pesto, sun-dried tomatoes and mozzarella. Then briefly in the oven and... enjoy!",female
Reviewer_448,2025-04-14 08:18:00,delicious with butter and fresh strawberries,male
Reviewer_449,2025-04-14 08:18:00,I like to top my croissant with butter and strawberry jam.,female
Reviewer_450,2025-04-14 08:12:00,I top my croissant with spicy chatar sausage. That spicy kick together with creamy croissant is really addictively delicious recommend everyone to try it! sausage can be found at halal assortment.,female
Reviewer_451,2025-04-14 08:09:00,Nice and warm with butter and pure chocolate sprinkles on top,female
